name;email;noTelp
Budi Santoso;budi@email.com;81234567890
Siti Aminah;siti@email.com;82345678901
Andi Pratama;andi@email.com;0
Rizky Saputra;rizky.saputra@mail.com;81200000001
Dewi Lestari;dewi.lestari@mail.com;81200000002
Agus Setiawan;agus.setiawan@mail.com;81200000003
Maya Putri;maya.putri@mail.com;81200000004
Fajar Nugroho;fajar.nugroho@mail.com;81200000005
Nina Kartika;nina.kartika@mail.com;81200000006
Yoga Pratama;yoga.pratama@mail.com;81200000007
Intan Permata;intan.permata@mail.com;81200000008
Dimas Hidayat;dimas.hidayat@mail.com;81200000009
Lina Marlina;lina.marlina@mail.com;81200000010
Arif Rahman;arif.rahman@mail.com;81200000011
Sari Dewi;sari.dewi@mail.com;81200000012
Bagus Wicaksono;bagus.wicaksono@mail.com;81200000013
Rina Oktaviani;rina.oktaviani@mail.com;81200000014
Hendra Gunawan;hendra.gunawan@mail.com;81200000015
Putri Ayu;putri.ayu@mail.com;81200000016
Rudi Hartono;rudi.hartono@mail.com;81200000017
Tika Sari;tika.sari@mail.com;81200000018
Eko Prasetyo;eko.prasetyo@mail.com;81200000019
Yuni Lestari;yuni.lestari@mail.com;81200000020
Bayu Saputra;bayu.saputra@mail.com;81200000021
Wulan Sari;wulan.sari@mail.com;81200000022
Doni Kurniawan;doni.kurniawan@mail.com;81200000023
Mega Puspita;mega.puspita@mail.com;81200000024
Ilham Maulana;ilham.maulana@mail.com;81200000025
Rika Andini;rika.andini@mail.com;81200000026
Andika Pratama;andika.pratama@mail.com;81200000027
Desi Anggraini;desi.anggraini@mail.com;81200000028
Galih Nugraha;galih.nugraha@mail.com;81200000029
Novianti Putri;novianti.putri@mail.com;81200000030
Bima Sakti;bima.sakti@mail.com;81200000031
Citra Dewi;citra.dewi@mail.com;81200000032
Farhan Akbar;farhan.akbar@mail.com;81200000033
Indah Permata;indah.permata@mail.com;81200000034
Joko Susilo;joko.susilo@mail.com;81200000035
Kartika Sari;kartika.sari@mail.com;81200000036
Lukman Hakim;lukman.hakim@mail.com;81200000037
Melati Putri;melati.putri@mail.com;81200000038
Naufal Rizki;naufal.rizki@mail.com;81200000039
Oki Prasetyo;oki.prasetyo@mail.com;81200000040
Putra Mahendra;putra.mahendra@mail.com;81200000041
Qori Aulia;qori.aulia@mail.com;81200000042
Rangga Aditya;rangga.aditya@mail.com;81200000043
Salsa Putri;salsa.putri@mail.com;81200000044
Taufik Hidayat;taufik.hidayat@mail.com;81200000045
Umar Faruq;umar.faruq@mail.com;81200000046
Vina Oktavia;vina.oktavia@mail.com;81200000047
Wahyu Setiawan;wahyu.setiawan@mail.com;81200000048
Xena Maharani;xena.maharani@mail.com;81200000049
Yusuf Maulana;yusuf.maulana@mail.com;81200000050
Zahra Nabila;zahra.nabila@mail.com;81200000051
Adi Saputra;adi.saputra@mail.com;81200000052
Bella Sari;bella.sari@mail.com;81200000053
Cahyo Nugroho;cahyo.nugroho@mail.com;81200000054
Dian Pratiwi;dian.pratiwi@mail.com;81200000055
Erik Setiawan;erik.setiawan@mail.com;81200000056
Fitriani Dewi;fitriani.dewi@mail.com;81200000057
Gilang Ramadhan;gilang.ramadhan@mail.com;81200000058
Hani Lestari;hani.lestari@mail.com;81200000059
Iqbal Ramadhan;iqbal.ramadhan@mail.com;81200000060
Jihan Safitri;jihan.safitri@mail.com;81200000061
Kevin Pratama;kevin.pratama@mail.com;81200000062
Laila Sari;laila.sari@mail.com;81200000063
Miko Saputra;miko.saputra@mail.com;81200000064
Nadia Putri;nadia.putri@mail.com;81200000065
Omar Hakim;omar.hakim@mail.com;81200000066
Putri Lestari;putri.lestari@mail.com;81200000067
Qila Nabila;qila.nabila@mail.com;81200000068
Rizal Fahmi;rizal.fahmi@mail.com;81200000069
Sinta Aulia;sinta.aulia@mail.com;81200000070
Tegar Saputra;tegar.saputra@mail.com;81200000071
Uli Mariani;uli.mariani@mail.com;81200000072
Vicky Pratama;vicky.pratama@mail.com;81200000073
Winda Sari;winda.sari@mail.com;81200000074
Xavier Aditya;xavier.aditya@mail.com;81200000075
Yola Putri;yola.putri@mail.com;81200000076
Zaki Mubarak;zaki.mubarak@mail.com;81200000077
Alif Hidayat;alif.hidayat@mail.com;81200000078
Bunga Citra;bunga.citra@mail.com;81200000079
Candra Wijaya;candra.wijaya@mail.com;81200000080
Della Anjani;della.anjani@mail.com;81200000081
Evan Prakoso;evan.prakoso@mail.com;81200000082
Fina Lestari;fina.lestari@mail.com;81200000083
Gita Savitri;gita.savitri@mail.com;81200000084
Hafiz Rahman;hafiz.rahman@mail.com;81200000085
Indra Gunawan;indra.gunawan@mail.com;81200000086
Jefri Kurniawan;jefri.kurniawan@mail.com;81200000087
Kiki Amelia;kiki.amelia@mail.com;81200000088
Lutfi Hakim;lutfi.hakim@mail.com;81200000089
Mira Oktaviani;mira.oktaviani@mail.com;81200000090
Niko Saputra;niko.saputra@mail.com;81200000091
Ocha Putri;ocha.putri@mail.com;81200000092
Pandu Wijaya;pandu.wijaya@mail.com;81200000093
Qomaruddin;qomaruddin@mail.com;81200000094
Rani Lestari;rani.lestari@mail.com;81200000095
Sofyan Hadi;sofyan.hadi@mail.com;81200000096
Tari Anggraini;tari.anggraini@mail.com;81200000097
Ujang Setiawan;ujang.setiawan@mail.com;81200000098
Vera Safitri;vera.safitri@mail.com;81200000099
Wawan Kurniawan;wawan.kurniawan@mail.com;81200000100
